


INSERT INTO `transaction` (`id`,`accountnumber`,`accounttype`,`amount`,`balance`,`crdr`,`description`,`processingdate`,`userid`) VALUES (1,'211111110','Checking',NULL,239.00,NULL,NULL,'2017-11-01 00:00:00',1);
INSERT INTO `transaction` (`id`,`accountnumber`,`accounttype`,`amount`,`balance`,`crdr`,`description`,`processingdate`,`userid`) VALUES (2,'211111110','Checking',2.00,NULL,'DR','Starbucks','2017-11-02 00:00:00',1);
INSERT INTO `transaction` (`id`,`accountnumber`,`accounttype`,`amount`,`balance`,`crdr`,`description`,`processingdate`,`userid`) VALUES (3,'211111110','Checking',800.00,NULL,'CR','Payroll','2017-11-04 00:00:00',1);
INSERT INTO `transaction` (`id`,`accountnumber`,`accounttype`,`amount`,`balance`,`crdr`,`description`,`processingdate`,`userid`) VALUES (4,'211111110','Checking',8.00,NULL,'DR','Chipotle','2017-11-07 00:00:00',1);
INSERT INTO `transaction` (`id`,`accountnumber`,`accounttype`,`amount`,`balance`,`crdr`,`description`,`processingdate`,`userid`) VALUES (5,'211111110','Checking',10.00,NULL,'DR','ATM','2017-11-09 00:00:00',1);
INSERT INTO `transaction` (`id`,`accountnumber`,`accounttype`,`amount`,`balance`,`crdr`,`description`,`processingdate`,`userid`) VALUES (6,'211111110','Checking',32.00,NULL,'DR','Hoolihans','2017-11-10 00:00:00',1);
INSERT INTO `transaction` (`id`,`accountnumber`,`accounttype`,`amount`,`balance`,`crdr`,`description`,`processingdate`,`userid`) VALUES (7,'211111110','Checking',100.00,NULL,'DR','KCPL','2017-11-10 00:00:00',1);
INSERT INTO `transaction` (`id`,`accountnumber`,`accounttype`,`amount`,`balance`,`crdr`,`description`,`processingdate`,`userid`) VALUES (8,'211111110','Checking',190.00,NULL,'DR','Google Fiber','2017-11-10 00:00:00',1);
INSERT INTO `transaction` (`id`,`accountnumber`,`accounttype`,`amount`,`balance`,`crdr`,`description`,`processingdate`,`userid`) VALUES (9,'211111110','Checking',9.99,NULL,'DR','Netflix','2017-11-15 00:00:00',1);
INSERT INTO `transaction` (`id`,`accountnumber`,`accounttype`,`amount`,`balance`,`crdr`,`description`,`processingdate`,`userid`) VALUES (10,'211111110','Checking',350.00,NULL,'DR','Rent','2017-11-15 00:00:00',1);
INSERT INTO `transaction` (`id`,`accountnumber`,`accounttype`,`amount`,`balance`,`crdr`,`description`,`processingdate`,`userid`) VALUES (11,'211111110','Checking',2.00,NULL,'DR','Starbucks','2017-11-17 00:00:00',1);
INSERT INTO `transaction` (`id`,`accountnumber`,`accounttype`,`amount`,`balance`,`crdr`,`description`,`processingdate`,`userid`) VALUES (12,'211111110','Checking',750.00,NULL,'CR','Payroll','2017-11-18 00:00:00',1);
INSERT INTO `transaction` (`id`,`accountnumber`,`accounttype`,`amount`,`balance`,`crdr`,`description`,`processingdate`,`userid`) VALUES (13,'211111110','Checking',620.00,NULL,'DR','Commerce Bank Credit Card payment','2017-11-18 00:00:00',1);
INSERT INTO `transaction` (`id`,`accountnumber`,`accounttype`,`amount`,`balance`,`crdr`,`description`,`processingdate`,`userid`) VALUES (14,'211111110','Checking',150.00,NULL,'DR','McFaddens','2017-11-19 00:00:00',1);
INSERT INTO `transaction` (`id`,`accountnumber`,`accounttype`,`amount`,`balance`,`crdr`,`description`,`processingdate`,`userid`) VALUES (15,'211111110','Checking',100.00,NULL,'DR','Price Chopper','2017-11-22 00:00:00',1);
INSERT INTO `transaction` (`id`,`accountnumber`,`accounttype`,`amount`,`balance`,`crdr`,`description`,`processingdate`,`userid`) VALUES (16,'211111110','Checking',50.00,NULL,'CR','Check from friend','2017-11-23 00:00:00',1);
INSERT INTO `transaction` (`id`,`accountnumber`,`accounttype`,`amount`,`balance`,`crdr`,`description`,`processingdate`,`userid`) VALUES (17,'211111110','Checking',800.00,NULL,'CR','Payroll','2017-12-02 00:00:00',1);
INSERT INTO `transaction` (`id`,`accountnumber`,`accounttype`,`amount`,`balance`,`crdr`,`description`,`processingdate`,`userid`) VALUES (18,'211111110','Checking',9.00,NULL,'DR','Hyvee','2017-12-02 00:00:00',1);
INSERT INTO `transaction` (`id`,`accountnumber`,`accounttype`,`amount`,`balance`,`crdr`,`description`,`processingdate`,`userid`) VALUES (19,'211111110','Checking',14.00,NULL,'DR','McFaddens','2017-12-12 00:00:00',1);
INSERT INTO `transaction` (`id`,`accountnumber`,`accounttype`,`amount`,`balance`,`crdr`,`description`,`processingdate`,`userid`) VALUES (20,'211111110','Checking',32.00,NULL,'DR','Target','2017-12-13 00:00:00',1);
INSERT INTO `transaction` (`id`,`accountnumber`,`accounttype`,`amount`,`balance`,`crdr`,`description`,`processingdate`,`userid`) VALUES (21,'211111110','Checking',100.00,NULL,'DR','KCPL','2017-12-13 00:00:00',1);
INSERT INTO `transaction` (`id`,`accountnumber`,`accounttype`,`amount`,`balance`,`crdr`,`description`,`processingdate`,`userid`) VALUES (22,'211111110','Checking',750.00,NULL,'CR','Payroll','2017-12-17 00:00:00',1);
INSERT INTO `transaction` (`id`,`accountnumber`,`accounttype`,`amount`,`balance`,`crdr`,`description`,`processingdate`,`userid`) VALUES (23,'211111110','Checking',190.00,NULL,'DR','Google Fiber','2017-12-18 00:00:00',1);
INSERT INTO `transaction` (`id`,`accountnumber`,`accounttype`,`amount`,`balance`,`crdr`,`description`,`processingdate`,`userid`) VALUES (24,'211111110','Checking',9.99,NULL,'DR','Netflix','2017-12-18 00:00:00',1);
INSERT INTO `transaction` (`id`,`accountnumber`,`accounttype`,`amount`,`balance`,`crdr`,`description`,`processingdate`,`userid`) VALUES (25,'211111110','Checking',350.00,NULL,'DR','Rent','2017-12-18 00:00:00',1);
INSERT INTO `transaction` (`id`,`accountnumber`,`accounttype`,`amount`,`balance`,`crdr`,`description`,`processingdate`,`userid`) VALUES (26,'211111110','Checking',6.50,NULL,'DR','Neo\'s','2017-12-22 00:00:00',1);
INSERT INTO `transaction` (`id`,`accountnumber`,`accounttype`,`amount`,`balance`,`crdr`,`description`,`processingdate`,`userid`) VALUES (27,'211111110','Checking',230.00,NULL,'DR','Commerce Bank Credit Card payment','2017-12-22 00:00:00',1);
INSERT INTO `transaction` (`id`,`accountnumber`,`accounttype`,`amount`,`balance`,`crdr`,`description`,`processingdate`,`userid`) VALUES (28,'211111110','Checking',100.00,NULL,'DR','Best Buy','2017-12-22 00:00:00',1);
INSERT INTO `transaction` (`id`,`accountnumber`,`accounttype`,`amount`,`balance`,`crdr`,`description`,`processingdate`,`userid`) VALUES (29,'211111110','Checking',300.00,NULL,'DR','Pottery Barn','2017-12-22 00:00:00',1);
INSERT INTO `transaction` (`id`,`accountnumber`,`accounttype`,`amount`,`balance`,`crdr`,`description`,`processingdate`,`userid`) VALUES (30,'211111110','Checking',23.00,NULL,'DR','The Loft','2017-12-26 00:00:00',1);
INSERT INTO `transaction` (`id`,`accountnumber`,`accounttype`,`amount`,`balance`,`crdr`,`description`,`processingdate`,`userid`) VALUES (31,'211111110','Checking',45.00,NULL,'DR','Dave and Busters','2017-12-26 00:00:00',1);
INSERT INTO `transaction` (`id`,`accountnumber`,`accounttype`,`amount`,`balance`,`crdr`,`description`,`processingdate`,`userid`) VALUES (32,'211111110','Checking',35.00,NULL,'DR','Bowling','2017-12-26 00:00:00',1);
INSERT INTO `transaction` (`id`,`accountnumber`,`accounttype`,`amount`,`balance`,`crdr`,`description`,`processingdate`,`userid`) VALUES (33,'211111110','Checking',800.00,NULL,'CR','Payroll','2017-12-30 00:00:00',1);
INSERT INTO `transaction` (`id`,`accountnumber`,`accounttype`,`amount`,`balance`,`crdr`,`description`,`processingdate`,`userid`) VALUES (34,'211111110','Checking',210.00,NULL,'DR','McFaddens','2017-12-31 00:00:00',1);
INSERT INTO `transaction` (`id`,`accountnumber`,`accounttype`,`amount`,`balance`,`crdr`,`description`,`processingdate`,`userid`) VALUES (35,'211111110','Checking',18.00,NULL,'DR','Taco Bell','2017-12-31 00:00:00',1);
INSERT INTO `transaction` (`id`,`accountnumber`,`accounttype`,`amount`,`balance`,`crdr`,`description`,`processingdate`,`userid`) VALUES (36,'211111110','Checking',45.00,NULL,'DR','QuikTrip','2017-12-31 00:00:00',1);
INSERT INTO `transaction` (`id`,`accountnumber`,`accounttype`,`amount`,`balance`,`crdr`,`description`,`processingdate`,`userid`) VALUES (37,'211111110','Checking',130.00,NULL,'DR','KCPL','2018-01-02 00:00:00',1);
INSERT INTO `transaction` (`id`,`accountnumber`,`accounttype`,`amount`,`balance`,`crdr`,`description`,`processingdate`,`userid`) VALUES (38,'211111110','Checking',185.00,NULL,'DR','Google Fiber','2018-01-02 00:00:00',1);
INSERT INTO `transaction` (`id`,`accountnumber`,`accounttype`,`amount`,`balance`,`crdr`,`description`,`processingdate`,`userid`) VALUES (39,'211111110','Checking',7.99,NULL,'DR','Netflix','2018-01-04 00:00:00',1);
INSERT INTO `transaction` (`id`,`accountnumber`,`accounttype`,`amount`,`balance`,`crdr`,`description`,`processingdate`,`userid`) VALUES (40,'211111110','Checking',56.00,NULL,'DR','Price Chopper','2018-01-04 00:00:00',1);
INSERT INTO `transaction` (`id`,`accountnumber`,`accounttype`,`amount`,`balance`,`crdr`,`description`,`processingdate`,`userid`) VALUES (41,'211111110','Checking',43.00,NULL,'DR','Price Chopper','2018-01-06 00:00:00',1);
INSERT INTO `transaction` (`id`,`accountnumber`,`accounttype`,`amount`,`balance`,`crdr`,`description`,`processingdate`,`userid`) VALUES (42,'211111110','Checking',98.00,NULL,'DR','Target','2018-01-07 00:00:00',1);
INSERT INTO `transaction` (`id`,`accountnumber`,`accounttype`,`amount`,`balance`,`crdr`,`description`,`processingdate`,`userid`) VALUES (43,'211111110','Checking',13.00,NULL,'DR','Jose Peppers','2018-01-09 00:00:00',1);
INSERT INTO `transaction` (`id`,`accountnumber`,`accounttype`,`amount`,`balance`,`crdr`,`description`,`processingdate`,`userid`) VALUES (44,'211111110','Checking',9.00,NULL,'DR','Starbucks','2018-01-10 00:00:00',1);
INSERT INTO `transaction` (`id`,`accountnumber`,`accounttype`,`amount`,`balance`,`crdr`,`description`,`processingdate`,`userid`) VALUES (45,'211111110','Checking',350.00,NULL,'DR','Rent','2018-01-12 00:00:00',1);
INSERT INTO `transaction` (`id`,`accountnumber`,`accounttype`,`amount`,`balance`,`crdr`,`description`,`processingdate`,`userid`) VALUES (46,'211111110','Checking',3.50,NULL,'DR','Redbox','2018-01-12 00:00:00',1);
INSERT INTO `transaction` (`id`,`accountnumber`,`accounttype`,`amount`,`balance`,`crdr`,`description`,`processingdate`,`userid`) VALUES (47,'211111110','Checking',301.00,NULL,'DR','Bank of America Credit Card payment','2018-01-12 00:00:00',1);
INSERT INTO `transaction` (`id`,`accountnumber`,`accounttype`,`amount`,`balance`,`crdr`,`description`,`processingdate`,`userid`) VALUES (48,'211111110','Checking',730.00,NULL,'CR','Payroll','2018-01-13 00:00:00',1);
INSERT INTO `transaction` (`id`,`accountnumber`,`accounttype`,`amount`,`balance`,`crdr`,`description`,`processingdate`,`userid`) VALUES (49,'211111110','Checking',232.68,NULL,'DR','Target','2018-01-14 00:00:00',1);
INSERT INTO `transaction` (`id`,`accountnumber`,`accounttype`,`amount`,`balance`,`crdr`,`description`,`processingdate`,`userid`) VALUES (50,'211111110','Checking',18.50,NULL,'DR','Best Buy','2018-01-14 00:00:00',1);
INSERT INTO `transaction` (`id`,`accountnumber`,`accounttype`,`amount`,`balance`,`crdr`,`description`,`processingdate`,`userid`) VALUES (51,'211111110','Checking',120.00,NULL,'DR','Nationwide','2018-01-16 00:00:00',1);
INSERT INTO `transaction` (`id`,`accountnumber`,`accounttype`,`amount`,`balance`,`crdr`,`description`,`processingdate`,`userid`) VALUES (52,'211111110','Checking',50.00,NULL,'DR','KC Police - Speeding Ticket','2018-01-18 00:00:00',1);
INSERT INTO `transaction` (`id`,`accountnumber`,`accounttype`,`amount`,`balance`,`crdr`,`description`,`processingdate`,`userid`) VALUES (53,'211111110','Checking',50.00,NULL,'DR','Uber','2018-01-18 00:00:00',1);
INSERT INTO `transaction` (`id`,`accountnumber`,`accounttype`,`amount`,`balance`,`crdr`,`description`,`processingdate`,`userid`) VALUES (54,'211111110','Checking',9.20,NULL,'DR','Manny\'s','2018-01-18 00:00:00',1);
INSERT INTO `transaction` (`id`,`accountnumber`,`accounttype`,`amount`,`balance`,`crdr`,`description`,`processingdate`,`userid`) VALUES (55,'211111110','Checking',24.75,NULL,'DR','Toys R Us','2018-01-19 00:00:00',1);
INSERT INTO `transaction` (`id`,`accountnumber`,`accounttype`,`amount`,`balance`,`crdr`,`description`,`processingdate`,`userid`) VALUES (56,'211111110','Checking',3.50,NULL,'DR','Scooters','2018-01-19 00:00:00',1);
INSERT INTO `transaction` (`id`,`accountnumber`,`accounttype`,`amount`,`balance`,`crdr`,`description`,`processingdate`,`userid`) VALUES (57,'211111110','Checking',36.00,NULL,'DR','QuikTrip','2018-01-20 00:00:00',1);
INSERT INTO `transaction` (`id`,`accountnumber`,`accounttype`,`amount`,`balance`,`crdr`,`description`,`processingdate`,`userid`) VALUES (58,'211111110','Checking',32.00,NULL,'DR','Price Chopper','2018-01-20 00:00:00',1);
INSERT INTO `transaction` (`id`,`accountnumber`,`accounttype`,`amount`,`balance`,`crdr`,`description`,`processingdate`,`userid`) VALUES (59,'211111110','Checking',48.12,NULL,'DR','Home Depot','2018-01-21 00:00:00',1);
INSERT INTO `transaction` (`id`,`accountnumber`,`accounttype`,`amount`,`balance`,`crdr`,`description`,`processingdate`,`userid`) VALUES (60,'211111110','Checking',4.20,NULL,'DR','Burger King','2018-01-22 00:00:00',1);
INSERT INTO `transaction` (`id`,`accountnumber`,`accounttype`,`amount`,`balance`,`crdr`,`description`,`processingdate`,`userid`) VALUES (61,'211111110','Checking',45.00,NULL,'DR','Jiffy Lube','2018-01-22 00:00:00',1);
INSERT INTO `transaction` (`id`,`accountnumber`,`accounttype`,`amount`,`balance`,`crdr`,`description`,`processingdate`,`userid`) VALUES (62,'211111110','Checking',25.00,NULL,'DR','Doctor visit','2018-01-22 00:00:00',1);
INSERT INTO `transaction` (`id`,`accountnumber`,`accounttype`,`amount`,`balance`,`crdr`,`description`,`processingdate`,`userid`) VALUES (63,'211111110','Checking',36.00,NULL,'DR','CVS','2018-01-23 00:00:00',1);
INSERT INTO `transaction` (`id`,`accountnumber`,`accounttype`,`amount`,`balance`,`crdr`,`description`,`processingdate`,`userid`) VALUES (64,'211111110','Checking',29.00,NULL,'DR','Price Chopper','2018-01-23 00:00:00',1);
INSERT INTO `transaction` (`id`,`accountnumber`,`accounttype`,`amount`,`balance`,`crdr`,`description`,`processingdate`,`userid`) VALUES (65,'211111110','Checking',200.00,NULL,'DR','Transfer to Savings','2018-01-23 00:00:00',1);
INSERT INTO `transaction` (`id`,`accountnumber`,`accounttype`,`amount`,`balance`,`crdr`,`description`,`processingdate`,`userid`) VALUES (66,'211111110','Checking',150.00,NULL,'CR','Christmas Check from Grandma','2018-01-23 00:00:00',1);
INSERT INTO `transaction` (`id`,`accountnumber`,`accounttype`,`amount`,`balance`,`crdr`,`description`,`processingdate`,`userid`) VALUES (67,'211111110','Checking',250.00,NULL,'DR','Student loans','2018-01-23 00:00:00',1);
INSERT INTO `transaction` (`id`,`accountnumber`,`accounttype`,`amount`,`balance`,`crdr`,`description`,`processingdate`,`userid`) VALUES (68,'211111110','Checking',75.00,NULL,'DR','Ford Service','2018-01-23 00:00:00',1);
INSERT INTO `transaction` (`id`,`accountnumber`,`accounttype`,`amount`,`balance`,`crdr`,`description`,`processingdate`,`userid`) VALUES (69,'211111110','Checking',36.00,NULL,'DR','Hallmark','2018-01-27 00:00:00',1);
INSERT INTO `transaction` (`id`,`accountnumber`,`accounttype`,`amount`,`balance`,`crdr`,`description`,`processingdate`,`userid`) VALUES (70,'211111110','Checking',22.00,NULL,'DR','CVS','2018-01-27 00:00:00',1);
INSERT INTO `transaction` (`id`,`accountnumber`,`accounttype`,`amount`,`balance`,`crdr`,`description`,`processingdate`,`userid`) VALUES (71,'211111110','Checking',810.00,NULL,'CR','Payroll','2018-01-27 00:00:00',1);
INSERT INTO `transaction` (`id`,`accountnumber`,`accounttype`,`amount`,`balance`,`crdr`,`description`,`processingdate`,`userid`) VALUES (72,'211111110','Checking',180.00,NULL,'DR','Pottery Barn','2018-01-30 00:00:00',1);
INSERT INTO `transaction` (`id`,`accountnumber`,`accounttype`,`amount`,`balance`,`crdr`,`description`,`processingdate`,`userid`) VALUES (73,'211111110','Checking',46.00,NULL,'DR','Cheesecake Factory','2018-01-30 00:00:00',1);
INSERT INTO `transaction` (`id`,`accountnumber`,`accounttype`,`amount`,`balance`,`crdr`,`description`,`processingdate`,`userid`) VALUES (74,'211111110','Checking',8.00,NULL,'DR','Starbucks','2018-01-30 00:00:00',1);
INSERT INTO `transaction` (`id`,`accountnumber`,`accounttype`,`amount`,`balance`,`crdr`,`description`,`processingdate`,`userid`) VALUES (75,NULL,NULL,NULL,NULL,NULL,NULL,NULL,1);
INSERT INTO `transaction` (`id`,`accountnumber`,`accounttype`,`amount`,`balance`,`crdr`,`description`,`processingdate`,`userid`) VALUES (76,'3111 3450 2930 9203','Credit Card',NULL,500.00,NULL,NULL,'2017-11-01 00:00:00',1);
INSERT INTO `transaction` (`id`,`accountnumber`,`accounttype`,`amount`,`balance`,`crdr`,`description`,`processingdate`,`userid`) VALUES (77,'3111 3450 2930 9203','Credit Card',4.60,NULL,'DR','McDonalds','2017-11-30 00:00:00',1);
INSERT INTO `transaction` (`id`,`accountnumber`,`accounttype`,`amount`,`balance`,`crdr`,`description`,`processingdate`,`userid`) VALUES (78,'3111 3450 2930 9203','Credit Card',23.45,NULL,'DR','Target','2017-12-02 00:00:00',1);
INSERT INTO `transaction` (`id`,`accountnumber`,`accounttype`,`amount`,`balance`,`crdr`,`description`,`processingdate`,`userid`) VALUES (79,'3111 3450 2930 9203','Credit Card',40.00,NULL,'DR','Michaels','2017-12-02 00:00:00',1);
INSERT INTO `transaction` (`id`,`accountnumber`,`accounttype`,`amount`,`balance`,`crdr`,`description`,`processingdate`,`userid`) VALUES (80,'3111 3450 2930 9203','Credit Card',6.70,NULL,'DR','Hyvee','2017-12-06 00:00:00',1);
INSERT INTO `transaction` (`id`,`accountnumber`,`accounttype`,`amount`,`balance`,`crdr`,`description`,`processingdate`,`userid`) VALUES (81,'3111 3450 2930 9203','Credit Card',8.90,NULL,'DR','Panda Express','2017-12-06 00:00:00',1);
INSERT INTO `transaction` (`id`,`accountnumber`,`accounttype`,`amount`,`balance`,`crdr`,`description`,`processingdate`,`userid`) VALUES (82,'3111 3450 2930 9203','Credit Card',12.30,NULL,'DR','Chipotle','2017-12-15 00:00:00',1);
INSERT INTO `transaction` (`id`,`accountnumber`,`accounttype`,`amount`,`balance`,`crdr`,`description`,`processingdate`,`userid`) VALUES (83,'3111 3450 2930 9203','Credit Card',7.60,NULL,'DR','CVS','2017-12-17 00:00:00',1);
INSERT INTO `transaction` (`id`,`accountnumber`,`accounttype`,`amount`,`balance`,`crdr`,`description`,`processingdate`,`userid`) VALUES (84,'3111 3450 2930 9203','Credit Card',6.50,NULL,'DR','Bolings','2017-12-17 00:00:00',1);
INSERT INTO `transaction` (`id`,`accountnumber`,`accounttype`,`amount`,`balance`,`crdr`,`description`,`processingdate`,`userid`) VALUES (85,'3111 3450 2930 9203','Credit Card',5.40,NULL,'DR','Taco Bell','2017-12-28 00:00:00',1);
INSERT INTO `transaction` (`id`,`accountnumber`,`accounttype`,`amount`,`balance`,`crdr`,`description`,`processingdate`,`userid`) VALUES (86,'3111 3450 2930 9203','Credit Card',23.00,NULL,'DR','Margaritas','2017-12-28 00:00:00',1);
INSERT INTO `transaction` (`id`,`accountnumber`,`accounttype`,`amount`,`balance`,`crdr`,`description`,`processingdate`,`userid`) VALUES (87,'3111 3450 2930 9203','Credit Card',10.00,NULL,'DR','Hoolihans','2017-12-29 00:00:00',1);
INSERT INTO `transaction` (`id`,`accountnumber`,`accounttype`,`amount`,`balance`,`crdr`,`description`,`processingdate`,`userid`) VALUES (88,'3111 3450 2930 9203','Credit Card',12.35,NULL,'DR','Gordon Biersch','2017-12-29 00:00:00',1);
INSERT INTO `transaction` (`id`,`accountnumber`,`accounttype`,`amount`,`balance`,`crdr`,`description`,`processingdate`,`userid`) VALUES (89,'3111 3450 2930 9203','Credit Card',11.34,NULL,'DR','Forever 21','2018-01-05 00:00:00',1);
INSERT INTO `transaction` (`id`,`accountnumber`,`accounttype`,`amount`,`balance`,`crdr`,`description`,`processingdate`,`userid`) VALUES (90,'3111 3450 2930 9203','Credit Card',16.34,NULL,'DR','Lids','2018-01-05 00:00:00',1);
INSERT INTO `transaction` (`id`,`accountnumber`,`accounttype`,`amount`,`balance`,`crdr`,`description`,`processingdate`,`userid`) VALUES (91,'3111 3450 2930 9203','Credit Card',8.93,NULL,'DR','Starbucks','2018-01-05 00:00:00',1);
INSERT INTO `transaction` (`id`,`accountnumber`,`accounttype`,`amount`,`balance`,`crdr`,`description`,`processingdate`,`userid`) VALUES (92,'3111 3450 2930 9203','Credit Card',7.45,NULL,'DR','Dairy Queen','2018-01-05 00:00:00',1);
INSERT INTO `transaction` (`id`,`accountnumber`,`accounttype`,`amount`,`balance`,`crdr`,`description`,`processingdate`,`userid`) VALUES (93,'3111 3450 2930 9203','Credit Card',9.12,NULL,'DR','Mini Golf','2018-01-06 00:00:00',1);
INSERT INTO `transaction` (`id`,`accountnumber`,`accounttype`,`amount`,`balance`,`crdr`,`description`,`processingdate`,`userid`) VALUES (94,'3111 3450 2930 9203','Credit Card',16.45,NULL,'DR','Home Depot','2018-01-18 00:00:00',1);
INSERT INTO `transaction` (`id`,`accountnumber`,`accounttype`,`amount`,`balance`,`crdr`,`description`,`processingdate`,`userid`) VALUES (95,'3111 3450 2930 9203','Credit Card',17.09,NULL,'DR','Walmart ','2018-01-18 00:00:00',1);
INSERT INTO `transaction` (`id`,`accountnumber`,`accounttype`,`amount`,`balance`,`crdr`,`description`,`processingdate`,`userid`) VALUES (96,'3111 3450 2930 9203','Credit Card',10.00,NULL,'DR','Quick Trip','2018-01-18 00:00:00',1);
INSERT INTO `transaction` (`id`,`accountnumber`,`accounttype`,`amount`,`balance`,`crdr`,`description`,`processingdate`,`userid`) VALUES (97,'3111 3450 2930 9203','Credit Card',34.00,NULL,'DR','Quick Trip','2018-01-18 00:00:00',1);
INSERT INTO `transaction` (`id`,`accountnumber`,`accounttype`,`amount`,`balance`,`crdr`,`description`,`processingdate`,`userid`) VALUES (98,'3111 3450 2930 9203','Credit Card',12.43,NULL,'DR','Wings Café','2018-01-19 00:00:00',1);
INSERT INTO `transaction` (`id`,`accountnumber`,`accounttype`,`amount`,`balance`,`crdr`,`description`,`processingdate`,`userid`) VALUES (99,'3111 3450 2930 9203','Credit Card',9.00,NULL,'DR','Chipotle','2018-01-20 00:00:00',1);
INSERT INTO `transaction` (`id`,`accountnumber`,`accounttype`,`amount`,`balance`,`crdr`,`description`,`processingdate`,`userid`) VALUES (100,'3111 3450 2930 9203','Credit Card',43.78,NULL,'DR','Bristol','2018-01-23 00:00:00',1);
INSERT INTO `transaction` (`id`,`accountnumber`,`accounttype`,`amount`,`balance`,`crdr`,`description`,`processingdate`,`userid`) VALUES (101,'3111 3450 2930 9203','Credit Card',67.00,NULL,'DR','Tanners','2018-01-24 00:00:00',1);
INSERT INTO `transaction` (`id`,`accountnumber`,`accounttype`,`amount`,`balance`,`crdr`,`description`,`processingdate`,`userid`) VALUES (102,'3111 3450 2930 9203','Credit Card',12.45,NULL,'DR','Kwik Shop','2018-01-24 00:00:00',1);
INSERT INTO `transaction` (`id`,`accountnumber`,`accounttype`,`amount`,`balance`,`crdr`,`description`,`processingdate`,`userid`) VALUES (103,'3111 3450 2930 9203','Credit Card',8.00,NULL,'DR','Burger King','2018-01-15 00:00:00',1);
INSERT INTO `transaction` (`id`,`accountnumber`,`accounttype`,`amount`,`balance`,`crdr`,`description`,`processingdate`,`userid`) VALUES (104,'3111 3450 2930 9203','Credit Card',5.00,NULL,'DR','Dollar Store','2018-01-26 00:00:00',1);
INSERT INTO `transaction` (`id`,`accountnumber`,`accounttype`,`amount`,`balance`,`crdr`,`description`,`processingdate`,`userid`) VALUES (105,'3111 3450 2930 9203','Credit Card',4.56,NULL,'DR','Quick Trip','2018-01-27 00:00:00',1);
INSERT INTO `transaction` (`id`,`accountnumber`,`accounttype`,`amount`,`balance`,`crdr`,`description`,`processingdate`,`userid`) VALUES (106,NULL,NULL,NULL,NULL,NULL,NULL,NULL,1);
INSERT INTO `transaction` (`id`,`accountnumber`,`accounttype`,`amount`,`balance`,`crdr`,`description`,`processingdate`,`userid`) VALUES (107,'3011111130','Savings',NULL,872.00,NULL,NULL,'2017-11-01 00:00:00',1);
INSERT INTO `transaction` (`id`,`accountnumber`,`accounttype`,`amount`,`balance`,`crdr`,`description`,`processingdate`,`userid`) VALUES (108,'3011111130','Savings',100.00,NULL,'CR','Refund check ','2017-11-07 00:00:00',1);
INSERT INTO `transaction` (`id`,`accountnumber`,`accounttype`,`amount`,`balance`,`crdr`,`description`,`processingdate`,`userid`) VALUES (109,'3011111130','Savings',150.00,NULL,'CR','Payroll','2018-11-08 00:00:00',1);
INSERT INTO `transaction` (`id`,`accountnumber`,`accounttype`,`amount`,`balance`,`crdr`,`description`,`processingdate`,`userid`) VALUES (110,'3011111130','Savings',0.02,NULL,'CR','Interest','2017-11-30 00:00:00',1);
INSERT INTO `transaction` (`id`,`accountnumber`,`accounttype`,`amount`,`balance`,`crdr`,`description`,`processingdate`,`userid`) VALUES (111,'3011111130','Savings',150.00,NULL,'CR','Payroll','2017-12-17 00:00:00',1);
INSERT INTO `transaction` (`id`,`accountnumber`,`accounttype`,`amount`,`balance`,`crdr`,`description`,`processingdate`,`userid`) VALUES (112,'3011111130','Savings',492.00,NULL,'DR','Property taxes','2018-12-18 00:00:00',1);
INSERT INTO `transaction` (`id`,`accountnumber`,`accounttype`,`amount`,`balance`,`crdr`,`description`,`processingdate`,`userid`) VALUES (113,'3011111130','Savings',0.04,NULL,'CR','Interest','2017-12-31 00:00:00',1);
INSERT INTO `transaction` (`id`,`accountnumber`,`accounttype`,`amount`,`balance`,`crdr`,`description`,`processingdate`,`userid`) VALUES (114,'3011111130','Savings',150.00,NULL,'CR','Payroll','2018-01-13 00:00:00',1);
INSERT INTO `transaction` (`id`,`accountnumber`,`accounttype`,`amount`,`balance`,`crdr`,`description`,`processingdate`,`userid`) VALUES (116,'411111111','Checking',NULL,5340.28,NULL,NULL,'2016-11-01 00:00:00',2);
INSERT INTO `transaction` (`id`,`accountnumber`,`accounttype`,`amount`,`balance`,`crdr`,`description`,`processingdate`,`userid`) VALUES (117,'411111111','Checking',200.00,NULL,'DR','Verizon','2016-11-02 00:00:00',2);
INSERT INTO `transaction` (`id`,`accountnumber`,`accounttype`,`amount`,`balance`,`crdr`,`description`,`processingdate`,`userid`) VALUES (118,'411111111','Checking',18.24,NULL,'DR','Panda Express','2016-11-02 00:00:00',2);
INSERT INTO `transaction` (`id`,`accountnumber`,`accounttype`,`amount`,`balance`,`crdr`,`description`,`processingdate`,`userid`) VALUES (119,'411111111','Checking',64.03,NULL,'DR','CVS','2016-11-02 00:00:00',2);
INSERT INTO `transaction` (`id`,`accountnumber`,`accounttype`,`amount`,`balance`,`crdr`,`description`,`processingdate`,`userid`) VALUES (120,'411111111','Checking',122.08,NULL,'DR','Maurices','2016-11-02 00:00:00',2);
INSERT INTO `transaction` (`id`,`accountnumber`,`accounttype`,`amount`,`balance`,`crdr`,`description`,`processingdate`,`userid`) VALUES (121,'411111111','Checking',26.11,NULL,'DR','QuikTrip','2016-11-02 00:00:00',2);
INSERT INTO `transaction` (`id`,`accountnumber`,`accounttype`,`amount`,`balance`,`crdr`,`description`,`processingdate`,`userid`) VALUES (122,'411111111','Checking',24.69,NULL,'DR','QuikTrip','2016-11-04 00:00:00',2);
INSERT INTO `transaction` (`id`,`accountnumber`,`accounttype`,`amount`,`balance`,`crdr`,`description`,`processingdate`,`userid`) VALUES (123,'411111111','Checking',14.47,NULL,'DR','KFC','2016-11-07 00:00:00',2);
INSERT INTO `transaction` (`id`,`accountnumber`,`accounttype`,`amount`,`balance`,`crdr`,`description`,`processingdate`,`userid`) VALUES (124,'411111111','Checking',9.00,NULL,'DR','Car wash','2016-11-07 00:00:00',2);
INSERT INTO `transaction` (`id`,`accountnumber`,`accounttype`,`amount`,`balance`,`crdr`,`description`,`processingdate`,`userid`) VALUES (125,'411111111','Checking',38.08,NULL,'DR','Dollar General','2016-11-07 00:00:00',2);
INSERT INTO `transaction` (`id`,`accountnumber`,`accounttype`,`amount`,`balance`,`crdr`,`description`,`processingdate`,`userid`) VALUES (126,'411111111','Checking',75.00,NULL,'DR','Price Chopper','2016-11-07 00:00:00',2);
INSERT INTO `transaction` (`id`,`accountnumber`,`accounttype`,`amount`,`balance`,`crdr`,`description`,`processingdate`,`userid`) VALUES (127,'411111111','Checking',85.25,NULL,'DR','Bank of America Credit Card Payment','2016-11-08 00:00:00',2);
INSERT INTO `transaction` (`id`,`accountnumber`,`accounttype`,`amount`,`balance`,`crdr`,`description`,`processingdate`,`userid`) VALUES (128,'411111111','Checking',125.00,NULL,'DR','Doctor','2016-11-09 00:00:00',2);
INSERT INTO `transaction` (`id`,`accountnumber`,`accounttype`,`amount`,`balance`,`crdr`,`description`,`processingdate`,`userid`) VALUES (129,'411111111','Checking',35.80,NULL,'DR','QuikTrip','2016-11-09 00:00:00',2);
INSERT INTO `transaction` (`id`,`accountnumber`,`accounttype`,`amount`,`balance`,`crdr`,`description`,`processingdate`,`userid`) VALUES (130,'411111111','Checking',24.40,NULL,'DR','Red Robin','2016-11-09 00:00:00',2);
INSERT INTO `transaction` (`id`,`accountnumber`,`accounttype`,`amount`,`balance`,`crdr`,`description`,`processingdate`,`userid`) VALUES (131,'411111111','Checking',45.00,NULL,'DR','Doctor','2016-11-14 00:00:00',2);
INSERT INTO `transaction` (`id`,`accountnumber`,`accounttype`,`amount`,`balance`,`crdr`,`description`,`processingdate`,`userid`) VALUES (132,'411111111','Checking',10.65,NULL,'DR','Starbucks','2016-11-14 00:00:00',2);
INSERT INTO `transaction` (`id`,`accountnumber`,`accounttype`,`amount`,`balance`,`crdr`,`description`,`processingdate`,`userid`) VALUES (133,'411111111','Checking',2000.00,NULL,'CR','Payroll','2016-11-15 00:00:00',2);
INSERT INTO `transaction` (`id`,`accountnumber`,`accounttype`,`amount`,`balance`,`crdr`,`description`,`processingdate`,`userid`) VALUES (134,'411111111','Checking',139.72,NULL,'DR','AT&T','2016-11-15 00:00:00',2);
INSERT INTO `transaction` (`id`,`accountnumber`,`accounttype`,`amount`,`balance`,`crdr`,`description`,`processingdate`,`userid`) VALUES (135,'411111111','Checking',200.00,NULL,'DR','Transfer to Savings','2016-11-16 00:00:00',2);
INSERT INTO `transaction` (`id`,`accountnumber`,`accounttype`,`amount`,`balance`,`crdr`,`description`,`processingdate`,`userid`) VALUES (136,'411111111','Checking',200.00,NULL,'DR','Transfer to another bank','2016-11-16 00:00:00',2);
INSERT INTO `transaction` (`id`,`accountnumber`,`accounttype`,`amount`,`balance`,`crdr`,`description`,`processingdate`,`userid`) VALUES (137,'411111111','Checking',25.00,NULL,'DR','Best Buy','2016-11-16 00:00:00',2);
INSERT INTO `transaction` (`id`,`accountnumber`,`accounttype`,`amount`,`balance`,`crdr`,`description`,`processingdate`,`userid`) VALUES (138,'411111111','Checking',25.00,NULL,'DR','Target','2016-11-16 00:00:00',2);
INSERT INTO `transaction` (`id`,`accountnumber`,`accounttype`,`amount`,`balance`,`crdr`,`description`,`processingdate`,`userid`) VALUES (139,'411111111','Checking',25.00,NULL,'DR','Walmart','2016-11-16 00:00:00',2);
INSERT INTO `transaction` (`id`,`accountnumber`,`accounttype`,`amount`,`balance`,`crdr`,`description`,`processingdate`,`userid`) VALUES (140,'411111111','Checking',25.00,NULL,'DR','Amazon','2016-11-16 00:00:00',2);
INSERT INTO `transaction` (`id`,`accountnumber`,`accounttype`,`amount`,`balance`,`crdr`,`description`,`processingdate`,`userid`) VALUES (141,'411111111','Checking',100.00,NULL,'DR','KCPL','2016-11-16 00:00:00',2);
INSERT INTO `transaction` (`id`,`accountnumber`,`accounttype`,`amount`,`balance`,`crdr`,`description`,`processingdate`,`userid`) VALUES (142,'411111111','Checking',23.55,NULL,'DR','Bristol','2016-11-17 00:00:00',2);
INSERT INTO `transaction` (`id`,`accountnumber`,`accounttype`,`amount`,`balance`,`crdr`,`description`,`processingdate`,`userid`) VALUES (143,'411111111','Checking',80.00,NULL,'DR','CVS','2016-11-18 00:00:00',2);
INSERT INTO `transaction` (`id`,`accountnumber`,`accounttype`,`amount`,`balance`,`crdr`,`description`,`processingdate`,`userid`) VALUES (144,'411111111','Checking',300.00,NULL,'DR','Rent','2016-11-18 00:00:00',2);
INSERT INTO `transaction` (`id`,`accountnumber`,`accounttype`,`amount`,`balance`,`crdr`,`description`,`processingdate`,`userid`) VALUES (145,'411111111','Checking',125.00,NULL,'DR','Airline ticket','2016-11-18 00:00:00',2);
INSERT INTO `transaction` (`id`,`accountnumber`,`accounttype`,`amount`,`balance`,`crdr`,`description`,`processingdate`,`userid`) VALUES (146,'411111111','Checking',97.69,NULL,'DR','Maurices','2016-11-18 00:00:00',2);
INSERT INTO `transaction` (`id`,`accountnumber`,`accounttype`,`amount`,`balance`,`crdr`,`description`,`processingdate`,`userid`) VALUES (147,'411111111','Checking',41.04,NULL,'DR','Price Chopper','2016-11-21 00:00:00',2);
INSERT INTO `transaction` (`id`,`accountnumber`,`accounttype`,`amount`,`balance`,`crdr`,`description`,`processingdate`,`userid`) VALUES (148,'411111111','Checking',86.00,NULL,'DR','Home Depot','2016-11-21 00:00:00',2);
INSERT INTO `transaction` (`id`,`accountnumber`,`accounttype`,`amount`,`balance`,`crdr`,`description`,`processingdate`,`userid`) VALUES (149,'411111111','Checking',63.55,NULL,'DR','Bristol','2016-11-21 00:00:00',2);
INSERT INTO `transaction` (`id`,`accountnumber`,`accounttype`,`amount`,`balance`,`crdr`,`description`,`processingdate`,`userid`) VALUES (150,'411111111','Checking',494.08,NULL,'DR','Nebraska Furniture Mart','2016-11-21 00:00:00',2);
INSERT INTO `transaction` (`id`,`accountnumber`,`accounttype`,`amount`,`balance`,`crdr`,`description`,`processingdate`,`userid`) VALUES (151,'411111111','Checking',328.43,NULL,'DR','State Farm','2016-11-21 00:00:00',2);
INSERT INTO `transaction` (`id`,`accountnumber`,`accounttype`,`amount`,`balance`,`crdr`,`description`,`processingdate`,`userid`) VALUES (152,'411111111','Checking',164.21,NULL,'DR','Walmart','2016-11-22 00:00:00',2);
INSERT INTO `transaction` (`id`,`accountnumber`,`accounttype`,`amount`,`balance`,`crdr`,`description`,`processingdate`,`userid`) VALUES (153,'411111111','Checking',100.00,NULL,'DR','Doctor','2016-11-23 00:00:00',2);
INSERT INTO `transaction` (`id`,`accountnumber`,`accounttype`,`amount`,`balance`,`crdr`,`description`,`processingdate`,`userid`) VALUES (154,'411111111','Checking',32.23,NULL,'DR','Walmart','2016-11-23 00:00:00',2);
INSERT INTO `transaction` (`id`,`accountnumber`,`accounttype`,`amount`,`balance`,`crdr`,`description`,`processingdate`,`userid`) VALUES (155,'411111111','Checking',30.00,NULL,'DR','ATM','2016-11-25 00:00:00',2);
INSERT INTO `transaction` (`id`,`accountnumber`,`accounttype`,`amount`,`balance`,`crdr`,`description`,`processingdate`,`userid`) VALUES (156,'411111111','Checking',21.52,NULL,'DR','QuikTrip','2016-11-25 00:00:00',2);
INSERT INTO `transaction` (`id`,`accountnumber`,`accounttype`,`amount`,`balance`,`crdr`,`description`,`processingdate`,`userid`) VALUES (157,'411111111','Checking',72.21,NULL,'DR','Price Chopper','2016-11-28 00:00:00',2);
INSERT INTO `transaction` (`id`,`accountnumber`,`accounttype`,`amount`,`balance`,`crdr`,`description`,`processingdate`,`userid`) VALUES (158,'411111111','Checking',88.25,NULL,'DR','Hobby Lobby','2016-11-28 00:00:00',2);
INSERT INTO `transaction` (`id`,`accountnumber`,`accounttype`,`amount`,`balance`,`crdr`,`description`,`processingdate`,`userid`) VALUES (159,'411111111','Checking',42.51,NULL,'DR','Walmart','2016-11-28 00:00:00',2);
INSERT INTO `transaction` (`id`,`accountnumber`,`accounttype`,`amount`,`balance`,`crdr`,`description`,`processingdate`,`userid`) VALUES (160,'411111111','Checking',100.00,NULL,'DR','Transfer to Savings','2016-11-29 00:00:00',2);
INSERT INTO `transaction` (`id`,`accountnumber`,`accounttype`,`amount`,`balance`,`crdr`,`description`,`processingdate`,`userid`) VALUES (161,'411111111','Checking',100.00,NULL,'DR','Check to sister','2016-11-29 00:00:00',2);
INSERT INTO `transaction` (`id`,`accountnumber`,`accounttype`,`amount`,`balance`,`crdr`,`description`,`processingdate`,`userid`) VALUES (162,'411111111','Checking',36.00,NULL,'DR','Brew Top','2016-11-29 00:00:00',2);
INSERT INTO `transaction` (`id`,`accountnumber`,`accounttype`,`amount`,`balance`,`crdr`,`description`,`processingdate`,`userid`) VALUES (163,'411111111','Checking',2000.00,NULL,'CR','Payroll','2016-11-30 00:00:00',2);
INSERT INTO `transaction` (`id`,`accountnumber`,`accounttype`,`amount`,`balance`,`crdr`,`description`,`processingdate`,`userid`) VALUES (164,'411111111','Checking',300.00,NULL,'DR','Transfer to Savings','2016-11-30 00:00:00',2);
INSERT INTO `transaction` (`id`,`accountnumber`,`accounttype`,`amount`,`balance`,`crdr`,`description`,`processingdate`,`userid`) VALUES (165,'411111111','Checking',157.99,NULL,'DR','Verizon','2016-11-30 00:00:00',2);
INSERT INTO `transaction` (`id`,`accountnumber`,`accounttype`,`amount`,`balance`,`crdr`,`description`,`processingdate`,`userid`) VALUES (166,'411111111','Checking',100.00,NULL,'DR','AT&T','2016-11-30 00:00:00',2);
INSERT INTO `transaction` (`id`,`accountnumber`,`accounttype`,`amount`,`balance`,`crdr`,`description`,`processingdate`,`userid`) VALUES (167,'411111111','Checking',100.00,NULL,'DR','KCPL','2016-11-30 00:00:00',2);
INSERT INTO `transaction` (`id`,`accountnumber`,`accounttype`,`amount`,`balance`,`crdr`,`description`,`processingdate`,`userid`) VALUES (168,'411111111','Checking',4.00,NULL,'DR','Starbucks','2016-11-30 00:00:00',2);
INSERT INTO `transaction` (`id`,`accountnumber`,`accounttype`,`amount`,`balance`,`crdr`,`description`,`processingdate`,`userid`) VALUES (169,'411111111','Checking',80.68,NULL,'DR','Walmart','2016-12-01 00:00:00',2);
INSERT INTO `transaction` (`id`,`accountnumber`,`accounttype`,`amount`,`balance`,`crdr`,`description`,`processingdate`,`userid`) VALUES (170,'411111111','Checking',600.00,NULL,'CR','Check from grandma','2016-12-02 00:00:00',2);
INSERT INTO `transaction` (`id`,`accountnumber`,`accounttype`,`amount`,`balance`,`crdr`,`description`,`processingdate`,`userid`) VALUES (171,'411111111','Checking',100.00,NULL,'DR','Transfer to Savings','2016-12-02 00:00:00',2);
INSERT INTO `transaction` (`id`,`accountnumber`,`accounttype`,`amount`,`balance`,`crdr`,`description`,`processingdate`,`userid`) VALUES (172,'411111111','Checking',138.30,NULL,'DR','Petsmart','2016-12-02 00:00:00',2);
INSERT INTO `transaction` (`id`,`accountnumber`,`accounttype`,`amount`,`balance`,`crdr`,`description`,`processingdate`,`userid`) VALUES (173,'411111111','Checking',40.00,NULL,'DR','ATM','2016-12-02 00:00:00',2);
INSERT INTO `transaction` (`id`,`accountnumber`,`accounttype`,`amount`,`balance`,`crdr`,`description`,`processingdate`,`userid`) VALUES (174,'411111111','Checking',110.00,NULL,'DR','Lucky\'s','2016-12-05 00:00:00',2);
INSERT INTO `transaction` (`id`,`accountnumber`,`accounttype`,`amount`,`balance`,`crdr`,`description`,`processingdate`,`userid`) VALUES (175,'411111111','Checking',24.53,NULL,'DR','Denny\'s','2016-12-05 00:00:00',2);
INSERT INTO `transaction` (`id`,`accountnumber`,`accounttype`,`amount`,`balance`,`crdr`,`description`,`processingdate`,`userid`) VALUES (176,'411111111','Checking',150.00,NULL,'DR','ATM','2016-12-06 00:00:00',2);
INSERT INTO `transaction` (`id`,`accountnumber`,`accounttype`,`amount`,`balance`,`crdr`,`description`,`processingdate`,`userid`) VALUES (177,'411111111','Checking',19.27,NULL,'DR','QuikTrip','2016-12-07 00:00:00',2);
INSERT INTO `transaction` (`id`,`accountnumber`,`accounttype`,`amount`,`balance`,`crdr`,`description`,`processingdate`,`userid`) VALUES (178,'411111111','Checking',13.90,NULL,'DR','Starbucks','2016-12-09 00:00:00',2);
INSERT INTO `transaction` (`id`,`accountnumber`,`accounttype`,`amount`,`balance`,`crdr`,`description`,`processingdate`,`userid`) VALUES (179,'411111111','Checking',55.45,NULL,'DR','Sears','2016-12-09 00:00:00',2);
INSERT INTO `transaction` (`id`,`accountnumber`,`accounttype`,`amount`,`balance`,`crdr`,`description`,`processingdate`,`userid`) VALUES (180,'411111111','Checking',50.00,NULL,'DR','Transfer to Savings','2016-12-12 00:00:00',2);
INSERT INTO `transaction` (`id`,`accountnumber`,`accounttype`,`amount`,`balance`,`crdr`,`description`,`processingdate`,`userid`) VALUES (181,'411111111','Checking',20.78,NULL,'DR','Jiffy Lube','2016-12-12 00:00:00',2);
INSERT INTO `transaction` (`id`,`accountnumber`,`accounttype`,`amount`,`balance`,`crdr`,`description`,`processingdate`,`userid`) VALUES (182,'411111111','Checking',57.65,NULL,'DR','O\'Charley\'s','2016-12-12 00:00:00',2);
INSERT INTO `transaction` (`id`,`accountnumber`,`accounttype`,`amount`,`balance`,`crdr`,`description`,`processingdate`,`userid`) VALUES (183,'411111111','Checking',145.73,NULL,'DR','Famous Footwear','2016-12-12 00:00:00',2);
INSERT INTO `transaction` (`id`,`accountnumber`,`accounttype`,`amount`,`balance`,`crdr`,`description`,`processingdate`,`userid`) VALUES (184,'411111111','Checking',86.67,NULL,'DR','Target','2016-12-12 00:00:00',2);
INSERT INTO `transaction` (`id`,`accountnumber`,`accounttype`,`amount`,`balance`,`crdr`,`description`,`processingdate`,`userid`) VALUES (185,'411111111','Checking',48.00,NULL,'DR','Pizza Hut','2016-12-12 00:00:00',2);
INSERT INTO `transaction` (`id`,`accountnumber`,`accounttype`,`amount`,`balance`,`crdr`,`description`,`processingdate`,`userid`) VALUES (186,'411111111','Checking',191.86,NULL,'DR','Walmart','2016-12-12 00:00:00',2);
INSERT INTO `transaction` (`id`,`accountnumber`,`accounttype`,`amount`,`balance`,`crdr`,`description`,`processingdate`,`userid`) VALUES (187,'411111111','Checking',22.78,NULL,'DR','QuikTrip','2016-12-13 00:00:00',2);
INSERT INTO `transaction` (`id`,`accountnumber`,`accounttype`,`amount`,`balance`,`crdr`,`description`,`processingdate`,`userid`) VALUES (188,'411111111','Checking',2000.00,NULL,'CR','Payday','2016-12-15 00:00:00',2);
INSERT INTO `transaction` (`id`,`accountnumber`,`accounttype`,`amount`,`balance`,`crdr`,`description`,`processingdate`,`userid`) VALUES (189,'411111111','Checking',1500.00,NULL,'CR','Bonus','2016-12-15 00:00:00',2);
INSERT INTO `transaction` (`id`,`accountnumber`,`accounttype`,`amount`,`balance`,`crdr`,`description`,`processingdate`,`userid`) VALUES (190,'411111111','Checking',300.00,NULL,'DR','Transfer to Savings','2016-12-16 00:00:00',2);
INSERT INTO `transaction` (`id`,`accountnumber`,`accounttype`,`amount`,`balance`,`crdr`,`description`,`processingdate`,`userid`) VALUES (191,'411111111','Checking',25.00,NULL,'DR','Best Buy','2016-12-16 00:00:00',2);
INSERT INTO `transaction` (`id`,`accountnumber`,`accounttype`,`amount`,`balance`,`crdr`,`description`,`processingdate`,`userid`) VALUES (192,'411111111','Checking',25.00,NULL,'DR','Target','2016-12-16 00:00:00',2);
INSERT INTO `transaction` (`id`,`accountnumber`,`accounttype`,`amount`,`balance`,`crdr`,`description`,`processingdate`,`userid`) VALUES (193,'411111111','Checking',25.00,NULL,'DR','Walmart','2016-12-16 00:00:00',2);
INSERT INTO `transaction` (`id`,`accountnumber`,`accounttype`,`amount`,`balance`,`crdr`,`description`,`processingdate`,`userid`) VALUES (194,'411111111','Checking',25.00,NULL,'DR','CVS','2016-12-16 00:00:00',2);
INSERT INTO `transaction` (`id`,`accountnumber`,`accounttype`,`amount`,`balance`,`crdr`,`description`,`processingdate`,`userid`) VALUES (195,'411111111','Checking',200.00,NULL,'DR','ATM','2016-12-16 00:00:00',2);
INSERT INTO `transaction` (`id`,`accountnumber`,`accounttype`,`amount`,`balance`,`crdr`,`description`,`processingdate`,`userid`) VALUES (196,'411111111','Checking',150.00,NULL,'DR','Amazon','2016-12-16 00:00:00',2);
INSERT INTO `transaction` (`id`,`accountnumber`,`accounttype`,`amount`,`balance`,`crdr`,`description`,`processingdate`,`userid`) VALUES (197,'411111111','Checking',142.87,NULL,'DR','Verizon','2016-12-16 00:00:00',2);
INSERT INTO `transaction` (`id`,`accountnumber`,`accounttype`,`amount`,`balance`,`crdr`,`description`,`processingdate`,`userid`) VALUES (198,'411111111','Checking',133.35,NULL,'DR','Toys R Us','2016-12-16 00:00:00',2);
INSERT INTO `transaction` (`id`,`accountnumber`,`accounttype`,`amount`,`balance`,`crdr`,`description`,`processingdate`,`userid`) VALUES (199,'411111111','Checking',100.00,NULL,'DR','Maurices','2016-12-16 00:00:00',2);
INSERT INTO `transaction` (`id`,`accountnumber`,`accounttype`,`amount`,`balance`,`crdr`,`description`,`processingdate`,`userid`) VALUES (200,'411111111','Checking',13.98,NULL,'DR','Panera Bread','2016-12-19 00:00:00',2);
INSERT INTO `transaction` (`id`,`accountnumber`,`accounttype`,`amount`,`balance`,`crdr`,`description`,`processingdate`,`userid`) VALUES (201,'411111111','Checking',57.00,NULL,'DR','Buffalo Wild Wings','2016-12-19 00:00:00',2);
INSERT INTO `transaction` (`id`,`accountnumber`,`accounttype`,`amount`,`balance`,`crdr`,`description`,`processingdate`,`userid`) VALUES (202,'411111111','Checking',205.47,NULL,'DR','Walmart','2016-12-19 00:00:00',2);
INSERT INTO `transaction` (`id`,`accountnumber`,`accounttype`,`amount`,`balance`,`crdr`,`description`,`processingdate`,`userid`) VALUES (203,'411111111','Checking',156.27,NULL,'DR','Walmart','2016-12-19 00:00:00',2);
INSERT INTO `transaction` (`id`,`accountnumber`,`accounttype`,`amount`,`balance`,`crdr`,`description`,`processingdate`,`userid`) VALUES (204,'411111111','Checking',10.84,NULL,'DR','Joy Wok','2016-12-20 00:00:00',2);
INSERT INTO `transaction` (`id`,`accountnumber`,`accounttype`,`amount`,`balance`,`crdr`,`description`,`processingdate`,`userid`) VALUES (205,'411111111','Checking',125.06,NULL,'DR','Taxes','2016-12-21 00:00:00',2);
INSERT INTO `transaction` (`id`,`accountnumber`,`accounttype`,`amount`,`balance`,`crdr`,`description`,`processingdate`,`userid`) VALUES (206,'411111111','Checking',30.00,NULL,'DR','Doctor','2016-12-21 00:00:00',2);
INSERT INTO `transaction` (`id`,`accountnumber`,`accounttype`,`amount`,`balance`,`crdr`,`description`,`processingdate`,`userid`) VALUES (207,'411111111','Checking',328.43,NULL,'DR','State Farm','2016-12-21 00:00:00',2);
INSERT INTO `transaction` (`id`,`accountnumber`,`accounttype`,`amount`,`balance`,`crdr`,`description`,`processingdate`,`userid`) VALUES (208,'411111111','Checking',350.00,NULL,'DR','Rent','2016-12-23 00:00:00',2);
INSERT INTO `transaction` (`id`,`accountnumber`,`accounttype`,`amount`,`balance`,`crdr`,`description`,`processingdate`,`userid`) VALUES (209,'411111111','Checking',159.00,NULL,'DR','KCPL','2016-12-23 00:00:00',2);
INSERT INTO `transaction` (`id`,`accountnumber`,`accounttype`,`amount`,`balance`,`crdr`,`description`,`processingdate`,`userid`) VALUES (210,'411111111','Checking',24.52,NULL,'DR','7 Eleven','2016-12-27 00:00:00',2);
INSERT INTO `transaction` (`id`,`accountnumber`,`accounttype`,`amount`,`balance`,`crdr`,`description`,`processingdate`,`userid`) VALUES (211,'411111111','Checking',27.77,NULL,'DR','Hyvee','2016-12-27 00:00:00',2);
INSERT INTO `transaction` (`id`,`accountnumber`,`accounttype`,`amount`,`balance`,`crdr`,`description`,`processingdate`,`userid`) VALUES (212,'411111111','Checking',128.56,NULL,'DR','Price Chopper','2016-12-29 00:00:00',2);
INSERT INTO `transaction` (`id`,`accountnumber`,`accounttype`,`amount`,`balance`,`crdr`,`description`,`processingdate`,`userid`) VALUES (213,'411111111','Checking',150.00,NULL,'DR','ATM','2016-12-29 00:00:00',2);
INSERT INTO `transaction` (`id`,`accountnumber`,`accounttype`,`amount`,`balance`,`crdr`,`description`,`processingdate`,`userid`) VALUES (214,'411111111','Checking',2000.00,NULL,'CR','Payday','2016-12-30 00:00:00',2);
INSERT INTO `transaction` (`id`,`accountnumber`,`accounttype`,`amount`,`balance`,`crdr`,`description`,`processingdate`,`userid`) VALUES (215,'411111111','Checking',2.95,NULL,'DR','Red box','2016-12-30 00:00:00',2);
INSERT INTO `transaction` (`id`,`accountnumber`,`accounttype`,`amount`,`balance`,`crdr`,`description`,`processingdate`,`userid`) VALUES (216,'411111111','Checking',41.18,NULL,'DR','Walmart','2016-12-30 00:00:00',2);
INSERT INTO `transaction` (`id`,`accountnumber`,`accounttype`,`amount`,`balance`,`crdr`,`description`,`processingdate`,`userid`) VALUES (217,'411111111','Checking',109.35,NULL,'DR','Walmart','2016-12-30 00:00:00',2);
INSERT INTO `transaction` (`id`,`accountnumber`,`accounttype`,`amount`,`balance`,`crdr`,`description`,`processingdate`,`userid`) VALUES (218,'411111111','Checking',217.00,NULL,'DR','BoA Credit Card payment','2016-12-30 00:00:00',2);
INSERT INTO `transaction` (`id`,`accountnumber`,`accounttype`,`amount`,`balance`,`crdr`,`description`,`processingdate`,`userid`) VALUES (219,'411111111','Checking',100.00,NULL,'DR','Transfer to Savings','2016-12-30 00:00:00',2);
INSERT INTO `transaction` (`id`,`accountnumber`,`accounttype`,`amount`,`balance`,`crdr`,`description`,`processingdate`,`userid`) VALUES (220,'411111111','Checking',5.95,NULL,'DR','Maurices','2016-12-30 00:00:00',2);
INSERT INTO `transaction` (`id`,`accountnumber`,`accounttype`,`amount`,`balance`,`crdr`,`description`,`processingdate`,`userid`) VALUES (221,'411111111','Checking',40.00,NULL,'DR','ATM','2017-01-03 00:00:00',2);
INSERT INTO `transaction` (`id`,`accountnumber`,`accounttype`,`amount`,`balance`,`crdr`,`description`,`processingdate`,`userid`) VALUES (222,'411111111','Checking',70.00,NULL,'DR','Dave and Busters','2017-01-03 00:00:00',2);
INSERT INTO `transaction` (`id`,`accountnumber`,`accounttype`,`amount`,`balance`,`crdr`,`description`,`processingdate`,`userid`) VALUES (223,'411111111','Checking',47.06,NULL,'DR','Pizza Ranch','2017-01-03 00:00:00',2);
INSERT INTO `transaction` (`id`,`accountnumber`,`accounttype`,`amount`,`balance`,`crdr`,`description`,`processingdate`,`userid`) VALUES (224,'411111111','Checking',163.10,NULL,'DR','Walmart','2017-01-03 00:00:00',2);
INSERT INTO `transaction` (`id`,`accountnumber`,`accounttype`,`amount`,`balance`,`crdr`,`description`,`processingdate`,`userid`) VALUES (225,'411111111','Checking',22.01,NULL,'DR','Olive Garden','2017-01-04 00:00:00',2);
INSERT INTO `transaction` (`id`,`accountnumber`,`accounttype`,`amount`,`balance`,`crdr`,`description`,`processingdate`,`userid`) VALUES (226,'411111111','Checking',34.86,NULL,'DR','QuikTrip','2017-01-04 00:00:00',2);
INSERT INTO `transaction` (`id`,`accountnumber`,`accounttype`,`amount`,`balance`,`crdr`,`description`,`processingdate`,`userid`) VALUES (227,'411111111','Checking',150.00,NULL,'DR','Check to sister','2017-01-05 00:00:00',2);
INSERT INTO `transaction` (`id`,`accountnumber`,`accounttype`,`amount`,`balance`,`crdr`,`description`,`processingdate`,`userid`) VALUES (228,'411111111','Checking',10.00,NULL,'DR','Doctor','2017-01-05 00:00:00',2);
INSERT INTO `transaction` (`id`,`accountnumber`,`accounttype`,`amount`,`balance`,`crdr`,`description`,`processingdate`,`userid`) VALUES (229,'411111111','Checking',10.00,NULL,'DR','MOD Pizza','2017-01-05 00:00:00',2);
INSERT INTO `transaction` (`id`,`accountnumber`,`accounttype`,`amount`,`balance`,`crdr`,`description`,`processingdate`,`userid`) VALUES (230,'411111111','Checking',10.00,NULL,'DR','Best Buy','2017-01-05 00:00:00',2);
INSERT INTO `transaction` (`id`,`accountnumber`,`accounttype`,`amount`,`balance`,`crdr`,`description`,`processingdate`,`userid`) VALUES (231,'411111111','Checking',10.00,NULL,'DR','Target','2017-01-05 00:00:00',2);
INSERT INTO `transaction` (`id`,`accountnumber`,`accounttype`,`amount`,`balance`,`crdr`,`description`,`processingdate`,`userid`) VALUES (232,'411111111','Checking',23.52,NULL,'DR','O\'Reilly\'s','2017-01-09 00:00:00',2);
INSERT INTO `transaction` (`id`,`accountnumber`,`accounttype`,`amount`,`balance`,`crdr`,`description`,`processingdate`,`userid`) VALUES (233,'411111111','Checking',118.25,NULL,'DR','Walmart','2017-01-09 00:00:00',2);
INSERT INTO `transaction` (`id`,`accountnumber`,`accounttype`,`amount`,`balance`,`crdr`,`description`,`processingdate`,`userid`) VALUES (234,'411111111','Checking',25.00,NULL,'DR','QuikTrip','2017-01-12 00:00:00',2);
INSERT INTO `transaction` (`id`,`accountnumber`,`accounttype`,`amount`,`balance`,`crdr`,`description`,`processingdate`,`userid`) VALUES (235,'411111111','Checking',45.74,NULL,'DR','Walmart','2017-01-12 00:00:00',2);
INSERT INTO `transaction` (`id`,`accountnumber`,`accounttype`,`amount`,`balance`,`crdr`,`description`,`processingdate`,`userid`) VALUES (236,'411111111','Checking',2000.00,NULL,'CR','Payroll','2017-01-13 00:00:00',2);
INSERT INTO `transaction` (`id`,`accountnumber`,`accounttype`,`amount`,`balance`,`crdr`,`description`,`processingdate`,`userid`) VALUES (237,'411111111','Checking',50.00,NULL,'DR','Transfer to Savings','2017-01-13 00:00:00',2);
INSERT INTO `transaction` (`id`,`accountnumber`,`accounttype`,`amount`,`balance`,`crdr`,`description`,`processingdate`,`userid`) VALUES (238,'411111111','Checking',136.89,NULL,'DR','Verizon','2017-01-13 00:00:00',2);
INSERT INTO `transaction` (`id`,`accountnumber`,`accounttype`,`amount`,`balance`,`crdr`,`description`,`processingdate`,`userid`) VALUES (239,'411111111','Checking',100.00,NULL,'DR','Transfer to Savings','2017-01-17 00:00:00',2);
INSERT INTO `transaction` (`id`,`accountnumber`,`accounttype`,`amount`,`balance`,`crdr`,`description`,`processingdate`,`userid`) VALUES (240,'411111111','Checking',25.00,NULL,'DR','Bravos','2017-01-17 00:00:00',2);
INSERT INTO `transaction` (`id`,`accountnumber`,`accounttype`,`amount`,`balance`,`crdr`,`description`,`processingdate`,`userid`) VALUES (241,'411111111','Checking',25.00,NULL,'DR','Starbucks gift card','2017-01-17 00:00:00',2);
INSERT INTO `transaction` (`id`,`accountnumber`,`accounttype`,`amount`,`balance`,`crdr`,`description`,`processingdate`,`userid`) VALUES (242,'411111111','Checking',25.00,NULL,'DR','ATM','2017-01-17 00:00:00',2);
INSERT INTO `transaction` (`id`,`accountnumber`,`accounttype`,`amount`,`balance`,`crdr`,`description`,`processingdate`,`userid`) VALUES (243,'411111111','Checking',25.00,NULL,'DR','Check to brother','2017-01-17 00:00:00',2);
INSERT INTO `transaction` (`id`,`accountnumber`,`accounttype`,`amount`,`balance`,`crdr`,`description`,`processingdate`,`userid`) VALUES (244,'411111111','Checking',24.22,NULL,'DR','Laser Rock','2017-01-17 00:00:00',2);
INSERT INTO `transaction` (`id`,`accountnumber`,`accounttype`,`amount`,`balance`,`crdr`,`description`,`processingdate`,`userid`) VALUES (245,'411111111','Checking',102.87,NULL,'DR','Walmart','2017-01-17 00:00:00',2);
INSERT INTO `transaction` (`id`,`accountnumber`,`accounttype`,`amount`,`balance`,`crdr`,`description`,`processingdate`,`userid`) VALUES (246,'411111111','Checking',57.32,NULL,'DR','Tanners','2017-01-17 00:00:00',2);
INSERT INTO `transaction` (`id`,`accountnumber`,`accounttype`,`amount`,`balance`,`crdr`,`description`,`processingdate`,`userid`) VALUES (247,'411111111','Checking',36.00,NULL,'DR','Price Chopper','2017-01-17 00:00:00',2);
INSERT INTO `transaction` (`id`,`accountnumber`,`accounttype`,`amount`,`balance`,`crdr`,`description`,`processingdate`,`userid`) VALUES (248,'411111111','Checking',54.00,NULL,'DR','Bristol','2017-01-18 00:00:00',2);
INSERT INTO `transaction` (`id`,`accountnumber`,`accounttype`,`amount`,`balance`,`crdr`,`description`,`processingdate`,`userid`) VALUES (249,'411111111','Checking',328.43,NULL,'DR','State Farm','2017-01-19 00:00:00',2);
INSERT INTO `transaction` (`id`,`accountnumber`,`accounttype`,`amount`,`balance`,`crdr`,`description`,`processingdate`,`userid`) VALUES (250,'411111111','Checking',5.00,NULL,'DR','Payment to friend','2017-01-19 00:00:00',2);
INSERT INTO `transaction` (`id`,`accountnumber`,`accounttype`,`amount`,`balance`,`crdr`,`description`,`processingdate`,`userid`) VALUES (251,'411111111','Checking',26.49,NULL,'DR','QuikTrip','2017-01-20 00:00:00',2);
INSERT INTO `transaction` (`id`,`accountnumber`,`accounttype`,`amount`,`balance`,`crdr`,`description`,`processingdate`,`userid`) VALUES (252,'411111111','Checking',5.00,NULL,'DR','KFC','2017-01-23 00:00:00',2);
INSERT INTO `transaction` (`id`,`accountnumber`,`accounttype`,`amount`,`balance`,`crdr`,`description`,`processingdate`,`userid`) VALUES (253,'411111111','Checking',55.00,NULL,'DR','Doctor','2017-01-23 00:00:00',2);
INSERT INTO `transaction` (`id`,`accountnumber`,`accounttype`,`amount`,`balance`,`crdr`,`description`,`processingdate`,`userid`) VALUES (254,'411111111','Checking',172.25,NULL,'DR','Best Buy','2017-01-23 00:00:00',2);
INSERT INTO `transaction` (`id`,`accountnumber`,`accounttype`,`amount`,`balance`,`crdr`,`description`,`processingdate`,`userid`) VALUES (255,'411111111','Checking',52.00,NULL,'DR','Pizza Hut','2017-01-23 00:00:00',2);
INSERT INTO `transaction` (`id`,`accountnumber`,`accounttype`,`amount`,`balance`,`crdr`,`description`,`processingdate`,`userid`) VALUES (256,'411111111','Checking',60.38,NULL,'DR','Red Lobster','2017-01-23 00:00:00',2);
INSERT INTO `transaction` (`id`,`accountnumber`,`accounttype`,`amount`,`balance`,`crdr`,`description`,`processingdate`,`userid`) VALUES (257,'411111111','Checking',58.55,NULL,'DR','QuikTrip','2017-01-23 00:00:00',2);
INSERT INTO `transaction` (`id`,`accountnumber`,`accounttype`,`amount`,`balance`,`crdr`,`description`,`processingdate`,`userid`) VALUES (258,'411111111','Checking',72.52,NULL,'DR','Walmart','2017-01-25 00:00:00',2);
INSERT INTO `transaction` (`id`,`accountnumber`,`accounttype`,`amount`,`balance`,`crdr`,`description`,`processingdate`,`userid`) VALUES (259,'411111111','Checking',64.00,NULL,'DR','Home Depot','2017-01-26 00:00:00',2);
INSERT INTO `transaction` (`id`,`accountnumber`,`accounttype`,`amount`,`balance`,`crdr`,`description`,`processingdate`,`userid`) VALUES (260,'411111111','Checking',2000.00,NULL,'DR','Payday','2017-01-27 00:00:00',2);
INSERT INTO `transaction` (`id`,`accountnumber`,`accounttype`,`amount`,`balance`,`crdr`,`description`,`processingdate`,`userid`) VALUES (261,'411111111','Checking',150.00,NULL,'DR','Transfer to Savings','2017-01-27 00:00:00',2);
INSERT INTO `transaction` (`id`,`accountnumber`,`accounttype`,`amount`,`balance`,`crdr`,`description`,`processingdate`,`userid`) VALUES (262,'411111111','Checking',200.00,NULL,'CR','Check from mom','2017-01-27 00:00:00',2);
INSERT INTO `transaction` (`id`,`accountnumber`,`accounttype`,`amount`,`balance`,`crdr`,`description`,`processingdate`,`userid`) VALUES (263,'411111111','Checking',75.00,NULL,'CR','Cash deposit','2017-01-27 00:00:00',2);
INSERT INTO `transaction` (`id`,`accountnumber`,`accounttype`,`amount`,`balance`,`crdr`,`description`,`processingdate`,`userid`) VALUES (264,'411111111','Checking',29.10,NULL,'DR','QuikTrip','2017-01-27 00:00:00',2);
INSERT INTO `transaction` (`id`,`accountnumber`,`accounttype`,`amount`,`balance`,`crdr`,`description`,`processingdate`,`userid`) VALUES (265,'411111111','Checking',100.00,NULL,'CR','Transfer to Savings','2017-01-27 00:00:00',2);
INSERT INTO `transaction` (`id`,`accountnumber`,`accounttype`,`amount`,`balance`,`crdr`,`description`,`processingdate`,`userid`) VALUES (266,'411111111','Checking',150.00,NULL,'DR','Nebraska Furniture Mart','2017-01-27 00:00:00',2);
INSERT INTO `transaction` (`id`,`accountnumber`,`accounttype`,`amount`,`balance`,`crdr`,`description`,`processingdate`,`userid`) VALUES (267,NULL,NULL,NULL,NULL,NULL,NULL,NULL,2);
INSERT INTO `transaction` (`id`,`accountnumber`,`accounttype`,`amount`,`balance`,`crdr`,`description`,`processingdate`,`userid`) VALUES (268,'8222222228','Savings',NULL,0.00,NULL,NULL,'2016-11-01 00:00:00',2);
INSERT INTO `transaction` (`id`,`accountnumber`,`accounttype`,`amount`,`balance`,`crdr`,`description`,`processingdate`,`userid`) VALUES (269,'8222222228','Savings',25.00,NULL,'CR','Cash Deposit','2016-11-01 00:00:00',2);
INSERT INTO `transaction` (`id`,`accountnumber`,`accounttype`,`amount`,`balance`,`crdr`,`description`,`processingdate`,`userid`) VALUES (270,'8222222228','Savings',200.00,NULL,'CR','Transfer from savings','2016-11-16 00:00:00',2);
INSERT INTO `transaction` (`id`,`accountnumber`,`accounttype`,`amount`,`balance`,`crdr`,`description`,`processingdate`,`userid`) VALUES (271,'8222222228','Savings',25.00,NULL,'CR','Cash Deposit','2016-11-16 00:00:00',2);
INSERT INTO `transaction` (`id`,`accountnumber`,`accounttype`,`amount`,`balance`,`crdr`,`description`,`processingdate`,`userid`) VALUES (272,'8222222228','Savings',100.00,NULL,'CR','Transfer from savings','2016-11-29 00:00:00',2);
INSERT INTO `transaction` (`id`,`accountnumber`,`accounttype`,`amount`,`balance`,`crdr`,`description`,`processingdate`,`userid`) VALUES (273,'8222222228','Savings',300.00,NULL,'CR','Transfer from savings','2016-11-30 00:00:00',2);
INSERT INTO `transaction` (`id`,`accountnumber`,`accounttype`,`amount`,`balance`,`crdr`,`description`,`processingdate`,`userid`) VALUES (274,'8222222228','Savings',0.02,NULL,'CR','Interest','2016-11-30 00:00:00',2);
INSERT INTO `transaction` (`id`,`accountnumber`,`accounttype`,`amount`,`balance`,`crdr`,`description`,`processingdate`,`userid`) VALUES (275,'8222222228','Savings',100.00,NULL,'CR','Transfer from savings','2016-12-02 00:00:00',2);
INSERT INTO `transaction` (`id`,`accountnumber`,`accounttype`,`amount`,`balance`,`crdr`,`description`,`processingdate`,`userid`) VALUES (276,'8222222228','Savings',50.00,NULL,'CR','Transfer from savings','2016-12-12 00:00:00',2);
INSERT INTO `transaction` (`id`,`accountnumber`,`accounttype`,`amount`,`balance`,`crdr`,`description`,`processingdate`,`userid`) VALUES (277,'8222222228','Savings',300.00,NULL,'CR','Transfer from savings','2016-12-16 00:00:00',2);
INSERT INTO `transaction` (`id`,`accountnumber`,`accounttype`,`amount`,`balance`,`crdr`,`description`,`processingdate`,`userid`) VALUES (278,'8222222228','Savings',100.00,NULL,'CR','Transfer from savings','2016-12-30 00:00:00',2);
INSERT INTO `transaction` (`id`,`accountnumber`,`accounttype`,`amount`,`balance`,`crdr`,`description`,`processingdate`,`userid`) VALUES (279,'8222222228','Savings',0.02,NULL,'CR','Interest','2016-12-30 00:00:00',2);
INSERT INTO `transaction` (`id`,`accountnumber`,`accounttype`,`amount`,`balance`,`crdr`,`description`,`processingdate`,`userid`) VALUES (280,'8222222228','Savings',-379.00,NULL,'DR','O\'Reilly\'s','2016-12-31 00:00:00',2);
INSERT INTO `transaction` (`id`,`accountnumber`,`accounttype`,`amount`,`balance`,`crdr`,`description`,`processingdate`,`userid`) VALUES (281,'8222222228','Savings',10.00,NULL,'CR','Check deposit','2017-01-05 00:00:00',2);
INSERT INTO `transaction` (`id`,`accountnumber`,`accounttype`,`amount`,`balance`,`crdr`,`description`,`processingdate`,`userid`) VALUES (282,'8222222228','Savings',50.00,NULL,'CR','Transfer from savings','2017-01-13 00:00:00',2);
INSERT INTO `transaction` (`id`,`accountnumber`,`accounttype`,`amount`,`balance`,`crdr`,`description`,`processingdate`,`userid`) VALUES (283,'8222222228','Savings',100.00,NULL,'CR','Transfer from savings','2017-01-17 00:00:00',2);
INSERT INTO `transaction` (`id`,`accountnumber`,`accounttype`,`amount`,`balance`,`crdr`,`description`,`processingdate`,`userid`) VALUES (284,'8222222228','Savings',150.00,NULL,'CR','Transfer from savings','2017-01-27 00:00:00',2);
INSERT INTO `transaction` (`id`,`accountnumber`,`accounttype`,`amount`,`balance`,`crdr`,`description`,`processingdate`,`userid`) VALUES (285,'8222222228','Savings',0.02,NULL,'CR','Interest','2017-01-27 00:00:00',2);
INSERT INTO `transaction` (`id`,`accountnumber`,`accounttype`,`amount`,`balance`,`crdr`,`description`,`processingdate`,`userid`) VALUES (286,'8222222228','Savings',100.00,NULL,'CR','Transfer from savings','2017-01-27 00:00:00',2);



INSERT INTO `goals` (`id`,`accounttype`,`createddate`,`duedate`,`goalamount`,`goalnote`,`goalreward`,`goalstatus`,`title`,`userid`,`goaltype`) VALUES (1,'Checking','2018-01-26 03:29:35','2019-11-22',170.00,'Earn a $55.00 reward if you increase the balance of your checking account by $170.00.',55.00,'processing','Commerce Bank Goal',1,'Balance');
INSERT INTO `goals` (`id`,`accounttype`,`createddate`,`duedate`,`goalamount`,`goalnote`,`goalreward`,`goalstatus`,`title`,`userid`,`goaltype`) VALUES (2,'Savings','2017-11-01 03:30:13','2019-05-25',400.99,'Increase Balance of Savings Account by $400',NULL,'processing','Save Money',1,'Deposit-Withdrawal');
-- INSERT INTO `goals` (`id`,`accounttype`,`createddate`,`duedate`,`goalamount`,`goalnote`,`goalreward`,`goalstatus`,`title`,`userid`,`goaltype`) VALUES (3,'Credit Card','2018-01-20 10:46:06','2019-12-20',320.44,'do not withdraw too much',NULL,'processing','Limit Spending',1,'Withdrawal');
-- INSERT INTO `goals` (`id`,`accounttype`,`createddate`,`duedate`,`goalamount`,`goalnote`,`goalreward`,`goalstatus`,`title`,`userid`,`goaltype`) VALUES (4,'Checking','2017-01-25 03:31:48','2019-05-25',700.22,'check the saving',NULL,'processing','Deposit This Month',2,'Deposit');
-- INSERT INTO `goals` (`id`,`accounttype`,`createddate`,`duedate`,`goalamount`,`goalnote`,`goalreward`,`goalstatus`,`title`,`userid`,`goaltype`) VALUES (5,'Savings','2019-04-21 10:23:23','2019-05-25',500.00,'keep balance for school',NULL,'achieved','Save for School',1,'Balance');
INSERT INTO `goals` (`id`,`accounttype`,`createddate`,`duedate`,`goalamount`,`goalnote`,`goalreward`,`goalstatus`,`title`,`userid`,`goaltype`) VALUES (6,'Savings','2017-01-25 05:00:29','2019-05-15',570.00,'Yearly Savings Goal',NULL,'processing','Save Money',2,'Deposit-Withdrawal');
INSERT INTO `goals` (`id`,`accounttype`,`createddate`,`duedate`,`goalamount`,`goalnote`,`goalreward`,`goalstatus`,`title`,`userid`,`goaltype`) VALUES (7,'Checking','2017-01-25 05:01:35','2019-05-15',550.00,'Earn a $120.00 Reward if you deposit more than $550.00 to your Checking account before the due date.',120.00,'processing','Commerce Bank Goal',2,'Deposit');
-- INSERT INTO `goals` (`id`,`accounttype`,`createddate`,`duedate`,`goalamount`,`goalnote`,`goalreward`,`goalstatus`,`title`,`userid`,`goaltype`) VALUES (8,'Checking','2017-01-25 05:02:32','2019-05-15',450.00,'not spending too much',NULL,'processing','Not Withdrawal Over This Month',2,'Withdrawal');
-- INSERT INTO `goals` (`id`,`accounttype`,`createddate`,`duedate`,`goalamount`,`goalnote`,`goalreward`,`goalstatus`,`title`,`userid`,`goaltype`) VALUES (9,'Credit Card','2018-01-20 05:03:06','2019-05-15',300.00,'pay off the credit',NULL,'processing','Pay The Credit',1,'Deposit');






INSERT INTO `users` (`id`, `password`, `username`) VALUES ('1', '$2a$10$hfG1CRoQHMkf7ndbPmaQk.oqIs4jEgpQEtKFWeVkqcckmRtmLc3kC', 'q');
INSERT INTO `users` (`id`, `password`, `username`) VALUES ('2', '$2a$10$B4fhyHlyvIPrbPV841rRfuAlH1ET8hs/p8mnBxk49C2IeMOhVRpBy', 's');
INSERT INTO `users` (`id`, `password`, `username`) VALUES ('3', '$2a$10$q06Z20hAAQATMHczYeF8kuhbm8.XiDlczqpgRvtWJqidijfYmBtEu', 'user1');
INSERT INTO `users` (`id`, `password`, `username`) VALUES ('4', '$2a$10$QCGHGawP7izsur.ysM2TxezOJz8BR.u.IB325U7Di5xPK2l9XNsEK', 'user2');

